value_a,value_b,value_c,Dividend
173,98,4,0.441326531
578,12,44,1.09469697
225,1,21,10.71428571
530,84,36,0.17526455
709,44,39,0.413170163
279,47,64,0.09275266
297,76,15,0.260526316
510,41,83,0.149867764
534,50,35,0.305142857
464,27,92,0.186795491
960,87,80,0.137931034
908,65,40,0.349230769
